,listing_url,photo_url,price,title,location,origin_city_list
0,https://www.facebook.com/marketplace/item/1345119743204058/,woodbury_ny_500mi_exact_files/487445484_1014206427045302_6353818270471005168_n.jpg,$100,Ryobi Cordless Combo Tool Handyman Kit With So Many Other Things,"New York, NY",woodbury_ny_500mi_exact
1,https://www.facebook.com/marketplace/item/1156459399295968/,woodbury_ny_500mi_exact_files/474731214_589164810776112_2970933667586781439_n.jpg,$1,RYOBI MACHINES AND BATTERIES,"Hicksville, NY",woodbury_ny_500mi_exact
2,https://www.facebook.com/marketplace/item/1719006785678815/,woodbury_ny_500mi_exact_files/487682920_1482002326541633_939673035341976715_n.jpg,$60,2 brand new ryobi pack out,"Stratford, CT",woodbury_ny_500mi_exact
3,https://www.facebook.com/marketplace/item/1824793958300700/,woodbury_ny_500mi_exact_files/487427678_2472978613045275_477075294627009511_n.jpg,$20,Ryobi tools for sale 50% off or bulk price for all,"Cleveland, OH",woodbury_ny_500mi_exact
4,https://www.facebook.com/marketplace/item/620867400691646/,woodbury_ny_500mi_exact_files/480891642_9190150227745284_4609993009820031705_n.jpg,$1,Ryobi stuff,"East Meadow, NY",woodbury_ny_500mi_exact
5,https://www.facebook.com/marketplace/item/1001898698142807/,woodbury_ny_500mi_exact_files/487293320_701539705529533_7395693515949657211_n.jpg,$60,New unopened - in box. Ryobi 18v Lithium Batteries Started Pack,"Westborough, MA",woodbury_ny_500mi_exact
6,https://www.facebook.com/marketplace/item/673155182064723/,woodbury_ny_500mi_exact_files/488160946_555037314276554_4216048316829841201_n.jpg,"$2,000",Lot of RYOBI and some Dewalt tools!!!!!,"Media, PA",woodbury_ny_500mi_exact
7,https://www.facebook.com/marketplace/item/543556818338167/,woodbury_ny_500mi_exact_files/487663490_2148063225645776_6821320745988964407_n.jpg,$75,Ryobi One+HP Brushless Multi Tool,"Staten Island, NY",woodbury_ny_500mi_exact
8,https://www.facebook.com/marketplace/item/631602762693140/,woodbury_ny_500mi_exact_files/479430735_2075661129545086_2763050726320638596_n.jpg,$50,ryobi link 3x,"Huntington Station, NY",woodbury_ny_500mi_exact
9,https://www.facebook.com/marketplace/item/1817529142414018/,woodbury_ny_500mi_exact_files/487310291_949575293666805_515932228446239430_n.jpg,$50,Ryobi 600psi easy clean,"McAlisterville, PA",woodbury_ny_500mi_exact
10,https://www.facebook.com/marketplace/item/1415161099846245/,woodbury_ny_500mi_exact_files/486790544_4018678358345275_5394418045555747768_n.jpg,$450,"RYOBI 40 VOLT POWER STATION, WITH BATTERIES","Harrisburg, PA",woodbury_ny_500mi_exact
11,https://www.facebook.com/marketplace/item/1926841827839119/,woodbury_ny_500mi_exact_files/468746687_1003508548477236_7767216842726063260_n.jpg,$30,"RYOBI
ONE+ 18V EZClean 320 PSI 0.8 GPM Cordless Battery Cold Water Power Cleaner (Tool Only)
4.5k","Hicksville, NY",woodbury_ny_500mi_exact
12,https://www.facebook.com/marketplace/item/1822418871837868/,woodbury_ny_500mi_exact_files/482542195_998591292170631_1787198159686832813_n.jpg,$50,RYOBI CIRCLE SAW,"Staten Island, NY",woodbury_ny_500mi_exact
13,https://www.facebook.com/marketplace/item/1854327268664822/,woodbury_ny_500mi_exact_files/476473557_636622629048034_5723452395236112378_n.jpg,$10,Ryobi Drill Bits,"Groton, MA",woodbury_ny_500mi_exact
14,https://www.facebook.com/marketplace/item/1597143461000823/,woodbury_ny_500mi_exact_files/485698966_981523810855969_8557900709594526498_n.jpg,Free,Ryobi 8 pc. Accessory kit,"Yonkers, NY",woodbury_ny_500mi_exact
15,https://www.facebook.com/marketplace/item/1641439013130840/,woodbury_ny_500mi_exact_files/485381130_4025683397749075_4212048485410056747_n.jpg,$35,Ryobi ONE+ HP 18V Brushless Cordless Compact 3/8 in. Right Angle Drill,"Englewood, NJ",woodbury_ny_500mi_exact
16,https://www.facebook.com/marketplace/item/1086161339870658/,woodbury_ny_500mi_exact_files/465623926_542938405109328_8490983621198430674_n.jpg,$80,Ryobi Charger and 2 batteries,"Medford, NY",woodbury_ny_500mi_exact
17,https://www.facebook.com/marketplace/item/1729644781236744/,woodbury_ny_500mi_exact_files/487404148_1207885877372873_1403628271934770664_n.jpg,$75,Ryobi one+ combo kit,"Baltimore, MD",woodbury_ny_500mi_exact
18,https://www.facebook.com/marketplace/item/1054894606091836/,woodbury_ny_500mi_exact_files/460928256_1065714005341779_2421086836627480772_n.jpg,$225,Drill horn ryobi,"Lockport, NY",woodbury_ny_500mi_exact
19,https://www.facebook.com/marketplace/item/1080719273381944/,woodbury_ny_500mi_exact_files/468679985_1988887084867256_8464231795361372207_n.jpg,$40,"*Brand New in Box*
Ryobi Link 7PC Wall Storage Kit","Mt Airy, NC",woodbury_ny_500mi_exact
20,https://www.facebook.com/marketplace/item/1744655349729269/,woodbury_ny_500mi_exact_files/484531964_3119600864845815_8938303980024722683_n.jpg,$80,Ryobi 40v 4AH Ôøºbattery and New battery topper LED light,"Levittown, NY",woodbury_ny_500mi_exact
21,https://www.facebook.com/marketplace/item/1166307298109353/,woodbury_ny_500mi_exact_files/487326019_1011812957677759_2371618442647816670_n.jpg,$100,Clavador RYOBI,"Takoma Park, MD",woodbury_ny_500mi_exact
22,https://www.facebook.com/marketplace/item/1674999259758388/,woodbury_ny_500mi_exact_files/473206643_614972740908755_2842073064292570818_n.jpg,$1,RYOBI Tools for low prices at Welldepots!,"Gloucester City, NJ",woodbury_ny_500mi_exact
23,https://www.facebook.com/marketplace/item/545856261820678/,woodbury_ny_500mi_exact_files/473215317_605916308847273_7837947704464327625_n.jpg,$50,RYOBI TOOLS,"Hicksville, NY",woodbury_ny_500mi_exact
24,,,,Chris D'Amico - State Farm Insurance Agent,"Paxinos, PA",
25,https://www.facebook.com/marketplace/item/2091659424619644/,woodbury_ny_500mi_exact_files/472404165_4001400840107888_2006940957894674430_n.jpg,$1,RYOBI,"Brooklyn, NY",woodbury_ny_500mi_exact
26,https://www.facebook.com/marketplace/item/2093005044446106/,woodbury_ny_500mi_exact_files/486547174_2536371223370467_4913034935263874783_n.jpg,$30,RYOBI stub sensor LED,"Nanuet, NY",woodbury_ny_500mi_exact
27,https://www.facebook.com/marketplace/item/533948166405211/,woodbury_ny_500mi_exact_files/487214333_1381948769795882_2838293226040337329_n.jpg,$150,Ryobi 18V 4 tool kit,"Aldie, VA",woodbury_ny_500mi_exact
28,https://www.facebook.com/marketplace/item/9912601648773269/,woodbury_ny_500mi_exact_files/473201940_591597436836569_1295312105590189556_n.jpg,$75,Ryobi 18v multitool angle grinder  battery charger kit,"Bethesda, MD",woodbury_ny_500mi_exact
29,https://www.facebook.com/marketplace/item/548491821030863/,woodbury_ny_500mi_exact_files/461094178_1064553071216698_7282934809617087549_n.jpg,$250,Ryobi Link Modular Storage System,"Elizabeth, NJ",woodbury_ny_500mi_exact
30,https://www.facebook.com/marketplace/item/4122067494683527/,woodbury_ny_500mi_exact_files/465188259_956919836264546_5396815620038367495_n.jpg,$30,2 for $50 !! Made For Ryobi 18V Lithium-Ion 6.0 Ah LITHIUM+ HP High Capacity Battery,"Saco, ME",woodbury_ny_500mi_exact
31,,,,Tools 4 Flooring,"New York, NY",
32,https://www.facebook.com/marketplace/item/2350279292005414/,woodbury_ny_500mi_exact_files/472650310_8963977937023233_9156625476717903468_n.jpg,$90,RYOBI ONE+ HP 18V Brushless Cordless SWIFTClean Mid-Size Spot Cleaner - BRAND NEW IN-BOX!,"Mineola, NY",woodbury_ny_500mi_exact
33,https://www.facebook.com/marketplace/item/1206180467144926/,woodbury_ny_500mi_exact_files/467404458_535753882660095_5558167310268239865_n.jpg,$100,Ryobi ONE+ HP 18V HIGH PERFORMANCE Lithium-Ion 6.0 Ah Battery (2-Pack),"Englewood, NJ",woodbury_ny_500mi_exact
34,https://www.facebook.com/marketplace/item/1229178771466094/,woodbury_ny_500mi_exact_files/467401330_3568807720078790_5515275380265122928_n.jpg,$40,"RYOBI
LINK Modular Dolly Multi-Purpose Rolling Base","Old Westbury, NY",woodbury_ny_500mi_exact
35,https://www.facebook.com/marketplace/item/653604707364857/,woodbury_ny_500mi_exact_files/485384775_1862313554581159_1877454997701400418_n.jpg,$5,Ryobi Tools P705,Ships to you,woodbury_ny_500mi_exact
36,https://www.facebook.com/marketplace/item/1539740930048603/,woodbury_ny_500mi_exact_files/473215716_561691389832938_4953892551771269340_n.jpg,$90,Ryobi 18v,"Levittown, NY",woodbury_ny_500mi_exact
37,https://www.facebook.com/marketplace/item/672140588538038/,woodbury_ny_500mi_exact_files/467121188_479432681819097_7440758969444964180_n.jpg,$75,Ryobi 18v HP 4 Mode Impact Driver,"Bay Shore, NY",woodbury_ny_500mi_exact
38,https://www.facebook.com/marketplace/item/679966071101538/,woodbury_ny_500mi_exact_files/488458343_1868753783931019_8219615063927381195_n.jpg,$35,Ryobi one+ 18v Battery and charger New,"Cleveland, OH",woodbury_ny_500mi_exact
39,https://www.facebook.com/marketplace/item/635148829358594/,woodbury_ny_500mi_exact_files/473214278_1329441914921241_4926601171590433096_n.jpg,$85,"RYOBI
ONE+ HP 18V Brushless Cordless Reciprocating Saw (Tool Only)","East Northport, NY",woodbury_ny_500mi_exact
40,https://www.facebook.com/marketplace/item/1799134220649534/,woodbury_ny_500mi_exact_files/486719079_630576126488458_4506365335101956506_n.jpg,$60,18V RYOBI sidewalk/patio cleaner,"Clarence Center, NY",woodbury_ny_500mi_exact
41,https://www.facebook.com/marketplace/item/9240959809290309/,woodbury_ny_500mi_exact_files/484282228_1081462287121747_1553950527294036801_n.jpg,$150,"RYOBI
ONE+ 18V 5.5in. Cordless Flooring Saw with Blade (Tool Only)","Englewood, NJ",woodbury_ny_500mi_exact
42,https://www.facebook.com/marketplace/item/941378654744814/,woodbury_ny_500mi_exact_files/485698987_1654573885154268_7869371905409987218_n.jpg,$180,Ryobi 6 tool combo kit,"Watertown, NY",woodbury_ny_500mi_exact
43,https://www.facebook.com/marketplace/item/1347414456598876/,woodbury_ny_500mi_exact_files/486560412_1628240884720172_8722043322944170780_n.jpg,$35,RYOBI 18V ONE+ RECIPROCATING SAW,"Elkton, MD",woodbury_ny_500mi_exact
44,https://www.facebook.com/marketplace/item/8491664704253620/,woodbury_ny_500mi_exact_files/464396107_1615092109421603_1938629168620888164_n.jpg,$145,RYOBI ONE+ BUNDLE,"New York, NY",woodbury_ny_500mi_exact
45,https://www.facebook.com/marketplace/item/505143008968894/,woodbury_ny_500mi_exact_files/460711339_472581985763351_5170253537793279899_n.jpg,$40,Ryobi link bins,"Hicksville, NY",woodbury_ny_500mi_exact
46,https://www.facebook.com/marketplace/item/750311837234510/,woodbury_ny_500mi_exact_files/428132808_1139558950403618_6379873868897743131_n.jpg,$30,"RYOBI
LINK 7-Piece Wall Storage Kit","Lynn, MA",woodbury_ny_500mi_exact
47,https://www.facebook.com/marketplace/item/1951447248677289/,woodbury_ny_500mi_exact_files/473201847_911723181031164_5169924933771673653_n.jpg,$30,"RYOBI
ONE+ 18V EZClean 320 PSI 0.8 GPM Cordless Battery Cold Water Power Cleaner (Tool Only)
4.5k","Winston-Salem, NC",woodbury_ny_500mi_exact
48,https://www.facebook.com/marketplace/item/1314493326493159/,woodbury_ny_500mi_exact_files/473209771_1045723334029004_3365787893283848610_n.jpg,$90,ryobi 18 v,"Asbury Park, NJ",woodbury_ny_500mi_exact
49,https://www.facebook.com/marketplace/item/668786038858737/,woodbury_ny_500mi_exact_files/487321202_1034900718493287_2915419594621317541_n.jpg,$100,Ryobi right angle drill and battery,"Bronx, NY",woodbury_ny_500mi_exact
50,,,,Ace Hardware,"Huntington Station, NY",
51,https://www.facebook.com/marketplace/item/539689605898268/,woodbury_ny_500mi_exact_files/477066190_1157503229295049_7642479885920697945_n.jpg,$60,Ryobi,"Niantic, CT",woodbury_ny_500mi_exact
52,https://www.facebook.com/marketplace/item/2452251805109352/,woodbury_ny_500mi_exact_files/475509422_1133677974806434_4248126096580463496_n.jpg,$50,RYOBI PCL445B ONE+ 18V Cordless 4-1/2 in. Angle Grinder (Tool Only),"Parlin, NJ",woodbury_ny_500mi_exact
53,https://www.facebook.com/marketplace/item/1011940473610083/,woodbury_ny_500mi_exact_files/473220201_1123657642800318_625992000418042692_n.jpg,$120,RYOBI air compressor tank,"Deer Park, NY",woodbury_ny_500mi_exact
54,https://www.facebook.com/marketplace/item/1765306647735856/,woodbury_ny_500mi_exact_files/487071213_1447205936248217_6984138359762473730_n.jpg,$250,Ryobi One+ 18v Cordless Swiftclean,"Syosset, NY",woodbury_ny_500mi_exact
55,https://www.facebook.com/marketplace/item/1912906956202559/,woodbury_ny_500mi_exact_files/486723209_1656411892419801_8515757865821924151_n.jpg,$50,Ryobi Swiftclean Spot Cleaner,"Monroeville, PA",woodbury_ny_500mi_exact
56,https://www.facebook.com/marketplace/item/483468564046376/,woodbury_ny_500mi_exact_files/466383549_1224449795460487_2200700980304240080_n.jpg,$80,Ryobi one set,Ships to you,woodbury_ny_500mi_exact
57,,,,The Tool Nut,"Huntington Station, NY",
58,https://www.facebook.com/marketplace/item/1388350362602903/,woodbury_ny_500mi_exact_files/457695142_3772071936395405_4275412830487459283_n.jpg,$140,Ryobi One+,"Coram, NY",woodbury_ny_500mi_exact
59,https://www.facebook.com/marketplace/item/1357310708726418/,woodbury_ny_500mi_exact_files/484307887_1329613308079385_21061508413605050_n.jpg,$100,New in Box 18V Ryobi mixer,"Yorktown Heights, NY",woodbury_ny_500mi_exact
60,https://www.facebook.com/marketplace/item/1161825358683920/,woodbury_ny_500mi_exact_files/486636495_966250588628025_7905204966288963853_n.jpg,$85,Ryobi 18v Batteries üîã,"Hartford, CT",woodbury_ny_500mi_exact
61,https://www.facebook.com/marketplace/item/511798665128957/,woodbury_ny_500mi_exact_files/473207425_1166443268818665_6931878539026356008_n.jpg,$15,Ryobi power cleaner 6 inc flexible wand,"Mineola, NY",woodbury_ny_500mi_exact
62,https://www.facebook.com/marketplace/item/1160989679151961/,woodbury_ny_500mi_exact_files/473213710_581533725033012_3523510181646300006_n.jpg,$60,Ryobi,"Harrison, NJ",woodbury_ny_500mi_exact
63,https://www.facebook.com/marketplace/item/1181324280192449/,woodbury_ny_500mi_exact_files/486519267_1705220263475763_3965479135887444123_n.jpg,$50,Ryobi Battery Kit,"Pittsburgh, PA",woodbury_ny_500mi_exact
64,https://www.facebook.com/marketplace/item/2751170851757977/,woodbury_ny_500mi_exact_files/464251386_415749284696703_2774795242358952635_n.jpg,$50,"RYOBI
ONE+ 18V Cordless Power Scrubber (Tool Only)","Cranford, NJ",woodbury_ny_500mi_exact
65,https://www.facebook.com/marketplace/item/1722978661654559/,woodbury_ny_500mi_exact_files/468829311_1300867814171902_1573340419457124414_n.jpg,$110,"RYOBI
ONE+ HP 18-Volt Brushless EZClean 600 PSI 0.7 GPM Cordless Electric Power Cleaner w/ 4.0Ah Bat","Dunn, NC",woodbury_ny_500mi_exact
66,https://www.facebook.com/marketplace/item/499606053076205/,woodbury_ny_500mi_exact_files/463976500_875263357917791_8167124000127715885_n.jpg,"$2,500",Ryobi Riding Lawn mowers,"Linden, NJ",woodbury_ny_500mi_exact
67,https://www.facebook.com/marketplace/item/968610172085304/,woodbury_ny_500mi_exact_files/485953365_3808385319307602_2604158971396102729_n.jpg,$50,Ryobi 18 foot extension pole with brush,"Cleveland, OH",woodbury_ny_500mi_exact
68,https://www.facebook.com/marketplace/item/1142090584362903/,woodbury_ny_500mi_exact_files/481029017_1742760112957111_442260102756631496_n.jpg,$175,Ryobi 18v Floor Dryer,"Union, NJ",woodbury_ny_500mi_exact
69,https://www.facebook.com/marketplace/item/590172784042539/,woodbury_ny_500mi_exact_files/487430660_439334609243021_5513000006007241806_n.jpg,$180,Ryobi set,"New Rochelle, NY",woodbury_ny_500mi_exact
70,https://www.facebook.com/marketplace/item/1271807647425705/,woodbury_ny_500mi_exact_files/473216968_639347071985563_873153375781717402_n.jpg,$1,Ryobi power tools,"Woodside, NY",woodbury_ny_500mi_exact
71,https://www.facebook.com/marketplace/item/663327906284023/,woodbury_ny_500mi_exact_files/485376195_2132760040518989_6074223667223041425_n.jpg,$150,Ryobi kit,"Canandaigua, NY",woodbury_ny_500mi_exact
72,https://www.facebook.com/marketplace/item/2749046728619153/,woodbury_ny_500mi_exact_files/474128522_1843202056083624_2411731793669154390_n.jpg,$30,Ryobi 120 Watt 18v One+ Power Inverter,"Jackson, NJ",woodbury_ny_500mi_exact
73,https://www.facebook.com/marketplace/item/4003072186646746/,woodbury_ny_500mi_exact_files/484978385_2543002165906184_1895078245995640950_n.jpg,$35,Ryobi speed saw,"Hicksville, NY",woodbury_ny_500mi_exact
74,https://www.facebook.com/marketplace/item/451460314666640/,woodbury_ny_500mi_exact_files/470695928_473047362482871_3811082298300921130_n.jpg,$120,ryobi 40 volt 6ah battery,"Middletown, CT",woodbury_ny_500mi_exact
75,https://www.facebook.com/marketplace/item/960250829591086/,woodbury_ny_500mi_exact_files/482534171_1166129285521309_7943881146653232937_n.jpg,$125,Ryobi Speed Bench,"Port Huron, MI",woodbury_ny_500mi_exact
76,https://www.facebook.com/marketplace/item/1022866736358479/,woodbury_ny_500mi_exact_files/487123437_675017325196160_3527069597143241327_n.jpg,$20,Ryobi multitaskit set,"Glen Allen, VA",woodbury_ny_500mi_exact
77,https://www.facebook.com/marketplace/item/1656702074880498/,woodbury_ny_500mi_exact_files/470254253_1778744492948652_4069067021129167106_n.jpg,$30,"RYOBI
ONE+ 18V EZClean 320 PSI 0.8 GPM Cordless Battery Cold Water Power Cleaner (Tool Only)","Brooklyn, NY",woodbury_ny_500mi_exact
78,https://www.facebook.com/marketplace/item/1334130741186686/,woodbury_ny_500mi_exact_files/473212995_608829464964581_5990767476032702290_n.jpg,$140,ryobi 18ga,"Wilkes-Barre, PA",woodbury_ny_500mi_exact
79,https://www.facebook.com/marketplace/item/681131504278643/,woodbury_ny_500mi_exact_files/487297277_672991881874210_6291060872090925854_n.jpg,$60,Ryobi ONE+ 18V Cordless Reciprocating Saw,"Merrick, NY",woodbury_ny_500mi_exact
80,https://www.facebook.com/marketplace/item/588483770901213/,woodbury_ny_500mi_exact_files/474851700_1339244987215867_4748634212163589439_n.jpg,$150,RYOBI PCL515B ONE+ 18V Cordless Reciprocating Saw Plus Battery Set,"Carteret, NJ",woodbury_ny_500mi_exact
81,https://www.facebook.com/marketplace/item/643487478306870/,woodbury_ny_500mi_exact_files/487941485_3144696252347743_4447080147168471577_n.jpg,$220,Ryobi Saw,"Jersey City, NJ",woodbury_ny_500mi_exact
82,https://www.facebook.com/marketplace/item/1085869426639795/,woodbury_ny_500mi_exact_files/487063455_832141015778521_2726388772206858317_n.jpg,$60,Ryobi,"Hicksville, NY",woodbury_ny_500mi_exact
83,https://www.facebook.com/marketplace/item/432791499873224/,woodbury_ny_500mi_exact_files/467302088_3802729059992659_6633512917590415421_n.jpg,$85,Ryobi 18V one +,"Huntington Station, NY",woodbury_ny_500mi_exact
84,https://www.facebook.com/marketplace/item/2328347477538383/,woodbury_ny_500mi_exact_files/473209357_2810960962417161_6350291162988385910_n.jpg,$250,Ryobi 18v ne,"Boonton, NJ",woodbury_ny_500mi_exact
85,https://www.facebook.com/marketplace/item/1569633000412003/,woodbury_ny_500mi_exact_files/485156962_643748725037882_4066256306273862962_n.jpg,$40,Ryobi soldering iron,"Spotsylvania, VA",woodbury_ny_500mi_exact
86,https://www.facebook.com/marketplace/item/1483278579017593/,woodbury_ny_500mi_exact_files/471332875_995758942602962_3684606851407688777_n.jpg,$100,"RYOBI
ONE+ HP 18V 1/4 hp Cordless Battery Powered Transfer Pump with 2.0 Ah Battery and Charger","Niagara Falls, NY",woodbury_ny_500mi_exact
87,https://www.facebook.com/marketplace/item/866601332271174/,woodbury_ny_500mi_exact_files/462372214_1353135819453628_5278304738552772367_n.jpg,$20,Ryobi electrostatic sprayer brand new,"Piscataway, NJ",woodbury_ny_500mi_exact
88,https://www.facebook.com/marketplace/item/3649097778722729/,woodbury_ny_500mi_exact_files/479727076_3764981470385919_8807942685169910982_n.jpg,$265,Ryobi ONE+ HP 18V Brushless Cordless 10 in. Sliding Compound Miter Saw Kit & 4.0 Ah HIGH PERF BATTER,"Huntington Station, NY",woodbury_ny_500mi_exact
89,https://www.facebook.com/marketplace/item/1576628563015984/,woodbury_ny_500mi_exact_files/482609691_944436491225182_3942596867885833596_n.jpg,$40,Ryobi nail driver,"Deep River, CT",woodbury_ny_500mi_exact
90,https://www.facebook.com/marketplace/item/426148790398723/,woodbury_ny_500mi_exact_files/448931860_997427888718620_7551243019349410075_n.jpg,"$2,500",ryobi riding mower 80 V electric,"Harrisburg, PA",woodbury_ny_500mi_exact
91,https://www.facebook.com/marketplace/item/8643789489057504/,woodbury_ny_500mi_exact_files/487705212_1199712408231612_1576644413757432126_n.jpg,$90,RYOBI ELECTRUSTATIC,"North Haledon, NJ",woodbury_ny_500mi_exact
92,https://www.facebook.com/marketplace/item/1342135110240037/,woodbury_ny_500mi_exact_files/473211702_1144721717299836_1565193032837150906_n.jpg,$40,RYOBI sander,"Mt Vernon, NY",woodbury_ny_500mi_exact
93,https://www.facebook.com/marketplace/item/563803390050066/,woodbury_ny_500mi_exact_files/479975743_1014132030777132_4639051189781347028_n.jpg,$45,Ryobi one + cordless vac,"Bangor, ME",woodbury_ny_500mi_exact
94,https://www.facebook.com/marketplace/item/1162746161731821/,woodbury_ny_500mi_exact_files/487908435_1741018533191188_4767189665629746077_n.jpg,$75,Ryobi leaf blower 18 volt never used box unopened,"West Islip, NY",woodbury_ny_500mi_exact
95,https://www.facebook.com/marketplace/item/1168992961592805/,woodbury_ny_500mi_exact_files/472330796_982885133897630_7938012716459261688_n.jpg,$30,Ryobi P2805BTL P2850 One+18 Volt 18V Cordless Chemical Fogger/Mister (Tool Only),"New Bedford, MA",woodbury_ny_500mi_exact
96,https://www.facebook.com/marketplace/item/2416325825388734/,woodbury_ny_500mi_exact_files/484950975_629514679836964_143014230180683958_n.jpg,$300,Ryobi outdoor combo,"Belleville, NJ",woodbury_ny_500mi_exact
97,https://www.facebook.com/marketplace/item/1302088824384795/,woodbury_ny_500mi_exact_files/475801444_462747146770050_4961059860853191477_n.jpg,$99,NEW Ryobi 18v tools for sale,"Oberlin, OH",woodbury_ny_500mi_exact
98,https://www.facebook.com/marketplace/item/1834085500466670/,woodbury_ny_500mi_exact_files/484561119_2343600019359494_6916533260299916398_n.jpg,$1,Assorted Ryobi power tools,"Yonkers, NY",woodbury_ny_500mi_exact
99,https://www.facebook.com/marketplace/item/627744986689637/,woodbury_ny_500mi_exact_files/487287732_9351344818245269_5941248713058052519_n.jpg,$195,RYOBI 6 PIECE TOOL KIT WONT ANSWER AVAILABLE,"Sayre, PA",woodbury_ny_500mi_exact
100,https://www.facebook.com/marketplace/item/1321719925637811/,woodbury_ny_500mi_exact_files/473217487_957647632958953_6017675093693478093_n.jpg,$35,Brand New Ryobi Chemical Sprayer,"West Babylon, NY",woodbury_ny_500mi_exact
101,https://www.facebook.com/marketplace/item/1778777192694788/,woodbury_ny_500mi_exact_files/486692217_695969419525793_5478929158339927709_n.jpg,$50,Ryobi Link wall storage system,"Newton Center, MA",woodbury_ny_500mi_exact
102,https://www.facebook.com/marketplace/item/1382504396112078/,woodbury_ny_500mi_exact_files/472445679_2673089876207775_7999411598877527979_n.jpg,$90,"RYOBI
ONE+ 18V LINK Cordless 3 Gal. Wet/Dry Vacuum (Tool Only)","Westwood, NJ",woodbury_ny_500mi_exact
103,https://www.facebook.com/marketplace/item/1333333324658875/,woodbury_ny_500mi_exact_files/481859907_1982911545859794_3572815477146922412_n.jpg,$40,Ryobi 18v impact kit,"West Babylon, NY",woodbury_ny_500mi_exact
104,https://www.facebook.com/marketplace/item/1691614208098792/,woodbury_ny_500mi_exact_files/475758237_618036551178319_9196375191680599082_n.jpg,$125,Ryobi cultivator tool only,"Laconia, NH",woodbury_ny_500mi_exact
105,https://www.facebook.com/marketplace/item/1690862165159410/,woodbury_ny_500mi_exact_files/487058715_1352859249094506_4233411284962062205_n.jpg,$100,Ryobi Mud Mixers,"Oceanside, NY",woodbury_ny_500mi_exact
106,https://www.facebook.com/marketplace/item/640094885446802/,woodbury_ny_500mi_exact_files/475700731_2512259562449196_545498833505073929_n.jpg,$25,Ryobi One+ 18v Compact Sprayer,"Walnut Cove, NC",woodbury_ny_500mi_exact
107,https://www.facebook.com/marketplace/item/921429546300589/,woodbury_ny_500mi_exact_files/469634859_924461246298206_3960820322561352369_n.jpg,$100,Factory sealed Ryobi ONE+ HP 18V HIGH PERFORMANCE Lithium-Ion 6.0 Ah Battery (2-Pack),"Massena, NY",woodbury_ny_500mi_exact
108,https://www.facebook.com/marketplace/item/1011516880511245/,woodbury_ny_500mi_exact_files/487076449_1431196228261514_4124838547514532749_n.jpg,$75,Ryobi Ratchet,"Plainville, CT",woodbury_ny_500mi_exact
109,https://www.facebook.com/marketplace/item/975510810662485/,woodbury_ny_500mi_exact_files/462289470_1049277843408014_3169805940841020752_n.jpg,$25,Ryobi 18v 1.5 Ah Battery - NEW,"Cheshire, CT",woodbury_ny_500mi_exact
110,https://www.facebook.com/marketplace/item/440169845852282/,woodbury_ny_500mi_exact_files/487137096_1211672773710507_6686246358884155560_n.jpg,$50,Ryobi,"Streetsboro, OH",woodbury_ny_500mi_exact
111,https://www.facebook.com/marketplace/item/1113688720402421/,woodbury_ny_500mi_exact_files/475142087_1257394072624375_5849087005327167609_n.jpg,$140,Ryobi 18v multi tool and drill bit set,"Victor, NY",woodbury_ny_500mi_exact
112,https://www.facebook.com/marketplace/item/460236233645822/,woodbury_ny_500mi_exact_files/459124695_1938294703278930_715912744434385713_n.jpg,$45,Ryobi batteries,"Old Bridge, NJ",woodbury_ny_500mi_exact
113,https://www.facebook.com/marketplace/item/1635493367079946/,woodbury_ny_500mi_exact_files/485148730_612080511828463_1184964043284315799_n.jpg,$100,Brand New in Box. Ryobi 18V One+ 6 Gallon Wet / Dry Vacuum.,"Rochester, NH",woodbury_ny_500mi_exact
114,https://www.facebook.com/marketplace/item/1013433690709135/,woodbury_ny_500mi_exact_files/475318771_2162729047479714_8168060780131876144_n.jpg,$140,RYOBI Link Rolling Drawers & Crates,"Hicksville, NY",woodbury_ny_500mi_exact
115,https://www.facebook.com/marketplace/item/656281484017181/,woodbury_ny_500mi_exact_files/466758788_1594314701478850_4001218176294873109_n.jpg,$225,"RYOBI 40V HP Brushless 12 in. Top Handle Battery Chainsaw
Brand NEW - Pricing options below","Montgomery Village, MD",woodbury_ny_500mi_exact
116,https://www.facebook.com/marketplace/item/650828947889548/,woodbury_ny_500mi_exact_files/485885188_660360053244275_7805139494285628622_n.jpg,$100,Drill And circular saw RYOBI,"Kennedyville, MD",woodbury_ny_500mi_exact
117,https://www.facebook.com/marketplace/item/1547832632557400/,woodbury_ny_500mi_exact_files/484548782_1350303702781149_6493275742581118079_n.jpg,$280,Ryobi 40v 1800 watt power inverter,"Levittown, NY",woodbury_ny_500mi_exact
118,https://www.facebook.com/marketplace/item/767350418791209/,woodbury_ny_500mi_exact_files/460737490_1728325888018710_7628260196699240936_n.jpg,$220,"RYOBI
ONE+ HP 18V Brushless Cordless 10 in. Sliding Compound Miter Saw Kit with 4.0 Ah HIGH PERFORMA","Coram, NY",woodbury_ny_500mi_exact
119,https://www.facebook.com/marketplace/item/1343063887121112/,woodbury_ny_500mi_exact_files/474541006_9579837438695369_942393244175197709_n.jpg,"$2,300",ryobi 80v hp,"Pine Brook, NJ",woodbury_ny_500mi_exact
120,https://www.facebook.com/marketplace/item/1427515798231403/,woodbury_ny_500mi_exact_files/481337004_1006730607989838_5439198599488831100_n.jpg,$60,Ryobi 18V Soap Dispensing Power Scrubber Tool,"Spencerport, NY",woodbury_ny_500mi_exact
121,https://www.facebook.com/marketplace/item/1831439894364504/,woodbury_ny_500mi_exact_files/479091111_1668817627006148_5667201218886639008_n.jpg,$80,Ryobi 40v 4ah battery and charger Brand New,"Aberdeen, MD",woodbury_ny_500mi_exact
122,https://www.facebook.com/marketplace/item/2460435614325610/,woodbury_ny_500mi_exact_files/473204688_609963418244479_1023697652509310273_n.jpg,$70,Ryobi,"Given, WV",woodbury_ny_500mi_exact
123,https://www.facebook.com/marketplace/item/1203968787918318/,woodbury_ny_500mi_exact_files/487038196_2131511690617179_727511701834150793_n.jpg,$75,Ryobi 18V Hybrid 3000 Lumens LED Panel light,"Vienna, VA",woodbury_ny_500mi_exact
124,https://www.facebook.com/marketplace/item/1189234602882995/,woodbury_ny_500mi_exact_files/483283989_1496305671328886_1120686772718639445_n.jpg,$70,Ryobi Polisher,"Islip, NY",woodbury_ny_500mi_exact
125,https://www.facebook.com/marketplace/item/686689370380853/,woodbury_ny_500mi_exact_files/485524100_993035856132407_1388117558415319387_n.jpg,$50,RYOBI ONE+ 18V 2.0 Ah Lithium-Ion HIGH PERFORMANCE Batteries and Charger,"Naugatuck, CT",woodbury_ny_500mi_exact
126,https://www.facebook.com/marketplace/item/1188657346084345/,woodbury_ny_500mi_exact_files/486765154_667652295642245_3818872755454511297_n.jpg,$80,Ryobi 1/2‚Äù impact 18v,"Yorktown Heights, NY",woodbury_ny_500mi_exact
127,https://www.facebook.com/marketplace/item/550766120825906/,woodbury_ny_500mi_exact_files/486557080_630134589811630_5553127466146562297_n.jpg,$10,ryobi sanding and polishung kit,"Old Bridge, NJ",woodbury_ny_500mi_exact
128,https://www.facebook.com/marketplace/item/1328914398221712/,woodbury_ny_500mi_exact_files/475415345_641157528568048_3094255039183902266_n.jpg,$75,"ryobi chargers, polisher","Mineola, NY",woodbury_ny_500mi_exact
129,https://www.facebook.com/marketplace/item/673923734990532/,woodbury_ny_500mi_exact_files/482217791_1392808045466197_5765960198882967219_n.jpg,$125,Ryobi ONE+ HP 18V Brushless Cordless 4-Mode 1/2 in. Impact Wrench (Tool Only),"Cleveland, OH",woodbury_ny_500mi_exact
130,https://www.facebook.com/marketplace/item/2153032865123761/,woodbury_ny_500mi_exact_files/485950762_634985462481191_4211721284462170267_n.jpg,$60,RYOBI one + 18v Hybrid Led Flood Light,"Lowell, MA",woodbury_ny_500mi_exact
131,https://www.facebook.com/marketplace/item/1611367249654169/,woodbury_ny_500mi_exact_files/441939593_962728328633347_4037729787954794245_n.jpg,$70,Ryobi circular saw,"Newark, NJ",woodbury_ny_500mi_exact
132,https://www.facebook.com/marketplace/item/540733948290299/,woodbury_ny_500mi_exact_files/476106802_1136194687637992_5976086967287267399_n.jpg,$120,ryobi vacuum 40v (tool only),"Bernville, PA",woodbury_ny_500mi_exact
133,https://www.facebook.com/marketplace/item/2551073371760053/,woodbury_ny_500mi_exact_files/438225312_332657143266653_4164893509673312096_n.jpg,$150,Ryobi one plus,"Bronx, NY",woodbury_ny_500mi_exact
134,https://www.facebook.com/marketplace/item/24014032284865518/,woodbury_ny_500mi_exact_files/487125355_2422660881404356_3446690224748796756_n.jpg,"$2,250",**NEW** Ryobi 80V HP 42‚Äù Electric Riding Lawn Mower,"Bellmore, NY",woodbury_ny_500mi_exact
135,https://www.facebook.com/marketplace/item/689017380241274/,woodbury_ny_500mi_exact_files/487357282_668590872312607_5180304340853959061_n.jpg,$75,Ryobi 4.0 Ah Battery,"Allentown, PA",woodbury_ny_500mi_exact
